id,total,day,week,month,year,type,size,created,modified,updated,accessed,archived,completed,saved,received,released,sent,taken,visited,query,md5,hash,tiny,text,medium,long,json
1,1,,,,,,,2025-06-16 16:22:36,,2025-06-14 16:55:40,,,,,,,,,,人体最舒适温度,9c23ae0a2042c9b70585fed4b926cc91,,,,,,
2,1,,,,,,,2025-06-16 16:22:36,,2025-06-14 16:56:48,,,,,,,,,,.torrent,574721d2573574e1d29b0c9aff7a7119,,,,,,
3,1,,,,,,,2025-06-16 16:22:36,,2025-06-14 16:57:16,,,,,,,,,,Vocals,976cef9db50d8e47e52e0bb05f922a22,,,,,,
4,2,,,,,,,2025-06-16 16:24:11,,2025-06-16 16:24:11,,,,,,,,,,php object scalar,"069434ebfc7ab3a825a6cce3a291d55a",,,,,,
5,1,,,,,,,2025-06-16 16:22:36,,2025-06-14 18:44:11,,,,,,,,,,海鹰,22afa7af1f6f1567d145ece377a94099,,,,,,
6,"0",,,,,,,2025-06-15 14:45:34,,2025-06-15 11:44:01,,,,,,,,,,Carly Rae Repsen,5f07f70a0e3c05a72f34ad28018c4c6b,,,,,,
7,4,,,,,,,2025-06-16 09:45:32,,2025-06-16 09:45:32,,,,,,,,,,I Really Like You,4d1bd4abb5d4c886e8f1837c9a65694a,,,,,,
8,"0",,,,,,,2025-06-15 18:03:10,,2025-06-15 18:03:10,,,,,,,,,,replace,9dde360102c103867bd2f45872f1129c,,,,,,
9,2,,,,,,,2025-06-16 14:44:42,,2025-06-16 14:44:42,,,,,,,,,,可能,ca63dc095394abc4d8cfc64a5e80ddea,,,,,,
10,2,,,,,,,2025-06-16 09:46:13,,2025-06-16 09:46:13,,,,,,,,,,I Really Like You dsfger,fd4d9a3b8813acf5a8886a83640ae7d1,,,,,,
11,"0",,,,,,,2025-06-16 09:46:22,,2025-06-16 09:46:22,,,,,,,,,,I+Really+Like+You,eea22f988a4c451f7a4c98507e8f5e47,,,,,,
12,1,,,,,,,2025-06-16 14:44:59,,2025-06-16 14:44:59,,,,,,,,,,urtm_source,37582fe363d60295364f55c768b838aa,,,,,,
13,1,"0","0","0","0",,,2025-06-16 16:24:29,,2025-06-16 16:24:29,,,,,,,,,,utm_source,c73ad08155ecfad5ed02256c42ea99eb,,,,,,
